{
    "rmse": 67.21905071428432,
    "r2": -0.2989926598973103
}